<?xml version="1.0" encoding="UTF-8" ?>
<!-- This is a WordPress eXtended RSS file generated by WordPress as an export of your site. -->
<!-- It contains information about your site's posts, pages, comments, categories, and other content. -->
<!-- You may use this file to transfer that content from one site to another. -->
<!-- This file is not intended to serve as a complete backup of your site. -->

<!-- To import this information into a WordPress site follow these steps: -->
<!-- 1. Log in to that site as an administrator. -->
<!-- 2. Go to Tools: Import in the WordPress admin panel. -->
<!-- 3. Install the "WordPress" importer from the list. -->
<!-- 4. Activate & Run Importer. -->
<!-- 5. Upload this file using the form provided on that page. -->
<!-- 6. You will first be asked to map the authors in this export file to users -->
<!--    on the site. For each author, you may choose to map to an -->
<!--    existing user on the site or to create a new user. -->
<!-- 7. WordPress will then import each of the posts, pages, comments, categories, etc. -->
<!--    contained in this file into your site. -->

<!-- generator="WordPress/4.8.1" created="2017-08-25 08:00" -->
<rss version="2.0"
	xmlns:excerpt="http://wordpress.org/export/1.2/excerpt/"
	xmlns:content="http://purl.org/rss/1.0/modules/content/"
	xmlns:wfw="http://wellformedweb.org/CommentAPI/"
	xmlns:dc="http://purl.org/dc/elements/1.1/"
	xmlns:wp="http://wordpress.org/export/1.2/"
>

<channel>
	<title>서울시 청년주거 포털</title>
	<link>http://seoul.peterpanz.com</link>
	<description>청년주거</description>
	<pubDate>Fri, 25 Aug 2017 08:00:12 +0000</pubDate>
	<language>ko-KR</language>
	<wp:wxr_version>1.2</wp:wxr_version>
	<wp:base_site_url>http://seoul.peterpanz.com</wp:base_site_url>
	<wp:base_blog_url>http://seoul.peterpanz.com</wp:base_blog_url>

	<wp:author><wp:author_id>1</wp:author_id><wp:author_login><![CDATA[seoul]]></wp:author_login><wp:author_email><![CDATA[luritas@duse.co.kr]]></wp:author_email><wp:author_display_name><![CDATA[seoul]]></wp:author_display_name><wp:author_first_name><![CDATA[]]></wp:author_first_name><wp:author_last_name><![CDATA[]]></wp:author_last_name></wp:author>
	<wp:author><wp:author_id>2</wp:author_id><wp:author_login><![CDATA[admin]]></wp:author_login><wp:author_email><![CDATA[info@example.com]]></wp:author_email><wp:author_display_name><![CDATA[admin]]></wp:author_display_name><wp:author_first_name><![CDATA[admin]]></wp:author_first_name><wp:author_last_name><![CDATA[]]></wp:author_last_name></wp:author>


	<generator>https://wordpress.org/?v=4.8.1</generator>

<image>
	<url>http://seoul.peterpanz.com/wp-content/uploads/2017/07/cropped-Flag_of_Seoul-1-32x32.png</url>
	<title>서울시 청년주거 포털</title>
	<link>http://seoul.peterpanz.com</link>
	<width>32</width>
	<height>32</height>
</image> 

	<item>
		<title>Home</title>
		<link>http://seoul.peterpanz.com/?slide=home</link>
		<pubDate>Fri, 20 Feb 2015 20:58:54 +0000</pubDate>
		<dc:creator><![CDATA[seoul]]></dc:creator>
		<guid isPermaLink="false">http://avada.theme-fusion.com_demos/law/?post_type=slide&#038;p=23</guid>
		<description></description>
		<content:encoded><![CDATA[]]></content:encoded>
		<excerpt:encoded><![CDATA[]]></excerpt:encoded>
		<wp:post_id>23</wp:post_id>
		<wp:post_date><![CDATA[2015-02-20 20:58:54]]></wp:post_date>
		<wp:post_date_gmt><![CDATA[2015-02-20 20:58:54]]></wp:post_date_gmt>
		<wp:comment_status><![CDATA[closed]]></wp:comment_status>
		<wp:ping_status><![CDATA[closed]]></wp:ping_status>
		<wp:post_name><![CDATA[home]]></wp:post_name>
		<wp:status><![CDATA[publish]]></wp:status>
		<wp:post_parent>0</wp:post_parent>
		<wp:menu_order>0</wp:menu_order>
		<wp:post_type><![CDATA[slide]]></wp:post_type>
		<wp:post_password><![CDATA[]]></wp:post_password>
		<wp:is_sticky>0</wp:is_sticky>
		<category domain="slide-page" nicename="law-home"><![CDATA[Law Home]]></category>
		<wp:postmeta>
			<wp:meta_key><![CDATA[_edit_last]]></wp:meta_key>
			<wp:meta_value><![CDATA[2]]></wp:meta_value>
		</wp:postmeta>
		<wp:postmeta>
			<wp:meta_key><![CDATA[slide_template]]></wp:meta_key>
			<wp:meta_value><![CDATA[default]]></wp:meta_value>
		</wp:postmeta>
		<wp:postmeta>
			<wp:meta_key><![CDATA[pyre_type]]></wp:meta_key>
			<wp:meta_value><![CDATA[self-hosted-video]]></wp:meta_value>
		</wp:postmeta>
		<wp:postmeta>
			<wp:meta_key><![CDATA[pyre_youtube_id]]></wp:meta_key>
			<wp:meta_value><![CDATA[]]></wp:meta_value>
		</wp:postmeta>
		<wp:postmeta>
			<wp:meta_key><![CDATA[pyre_vimeo_id]]></wp:meta_key>
			<wp:meta_value><![CDATA[]]></wp:meta_value>
		</wp:postmeta>
		<wp:postmeta>
			<wp:meta_key><![CDATA[pyre_webm]]></wp:meta_key>
			<wp:meta_value><![CDATA[]]></wp:meta_value>
		</wp:postmeta>
		<wp:postmeta>
			<wp:meta_key><![CDATA[pyre_mp4]]></wp:meta_key>
			<wp:meta_value><![CDATA[http://seoul.peterpanz.com/wp-content/uploads/2017/03/video_law_home_xml.mp4]]></wp:meta_value>
		</wp:postmeta>
		<wp:postmeta>
			<wp:meta_key><![CDATA[pyre_ogv]]></wp:meta_key>
			<wp:meta_value><![CDATA[]]></wp:meta_value>
		</wp:postmeta>
		<wp:postmeta>
			<wp:meta_key><![CDATA[pyre_preview_image]]></wp:meta_key>
			<wp:meta_value><![CDATA[http://seoul.peterpanz.com/wp-content/uploads/2017/03/video_law_home_preview.jpg]]></wp:meta_value>
		</wp:postmeta>
		<wp:postmeta>
			<wp:meta_key><![CDATA[pyre_aspect_ratio]]></wp:meta_key>
			<wp:meta_value><![CDATA[]]></wp:meta_value>
		</wp:postmeta>
		<wp:postmeta>
			<wp:meta_key><![CDATA[pyre_video_display]]></wp:meta_key>
			<wp:meta_value><![CDATA[cover]]></wp:meta_value>
		</wp:postmeta>
		<wp:postmeta>
			<wp:meta_key><![CDATA[pyre_video_bg_color]]></wp:meta_key>
			<wp:meta_value><![CDATA[#181C22]]></wp:meta_value>
		</wp:postmeta>
		<wp:postmeta>
			<wp:meta_key><![CDATA[pyre_mute_video]]></wp:meta_key>
			<wp:meta_value><![CDATA[yes]]></wp:meta_value>
		</wp:postmeta>
		<wp:postmeta>
			<wp:meta_key><![CDATA[pyre_autoplay_video]]></wp:meta_key>
			<wp:meta_value><![CDATA[yes]]></wp:meta_value>
		</wp:postmeta>
		<wp:postmeta>
			<wp:meta_key><![CDATA[pyre_loop_video]]></wp:meta_key>
			<wp:meta_value><![CDATA[yes]]></wp:meta_value>
		</wp:postmeta>
		<wp:postmeta>
			<wp:meta_key><![CDATA[pyre_hide_video_controls]]></wp:meta_key>
			<wp:meta_value><![CDATA[yes]]></wp:meta_value>
		</wp:postmeta>
		<wp:postmeta>
			<wp:meta_key><![CDATA[pyre_content_alignment]]></wp:meta_key>
			<wp:meta_value><![CDATA[center]]></wp:meta_value>
		</wp:postmeta>
		<wp:postmeta>
			<wp:meta_key><![CDATA[pyre_heading]]></wp:meta_key>
			<wp:meta_value><![CDATA[LAWYERS WITH A GLOBAL REPUTATION]]></wp:meta_value>
		</wp:postmeta>
		<wp:postmeta>
			<wp:meta_key><![CDATA[pyre_heading_separator]]></wp:meta_key>
			<wp:meta_value><![CDATA[none]]></wp:meta_value>
		</wp:postmeta>
		<wp:postmeta>
			<wp:meta_key><![CDATA[pyre_heading_font_size]]></wp:meta_key>
			<wp:meta_value><![CDATA[38]]></wp:meta_value>
		</wp:postmeta>
		<wp:postmeta>
			<wp:meta_key><![CDATA[pyre_heading_color]]></wp:meta_key>
			<wp:meta_value><![CDATA[#fff]]></wp:meta_value>
		</wp:postmeta>
		<wp:postmeta>
			<wp:meta_key><![CDATA[pyre_heading_bg]]></wp:meta_key>
			<wp:meta_value><![CDATA[no]]></wp:meta_value>
		</wp:postmeta>
		<wp:postmeta>
			<wp:meta_key><![CDATA[pyre_heading_bg_color]]></wp:meta_key>
			<wp:meta_value><![CDATA[]]></wp:meta_value>
		</wp:postmeta>
		<wp:postmeta>
			<wp:meta_key><![CDATA[pyre_caption]]></wp:meta_key>
			<wp:meta_value><![CDATA[<span style="font-weight: 400;">Constantly challenging ourselves to deliver more to our clients</span>]]></wp:meta_value>
		</wp:postmeta>
		<wp:postmeta>
			<wp:meta_key><![CDATA[pyre_caption_separator]]></wp:meta_key>
			<wp:meta_value><![CDATA[none]]></wp:meta_value>
		</wp:postmeta>
		<wp:postmeta>
			<wp:meta_key><![CDATA[pyre_caption_font_size]]></wp:meta_key>
			<wp:meta_value><![CDATA[18]]></wp:meta_value>
		</wp:postmeta>
		<wp:postmeta>
			<wp:meta_key><![CDATA[pyre_caption_color]]></wp:meta_key>
			<wp:meta_value><![CDATA[#fff]]></wp:meta_value>
		</wp:postmeta>
		<wp:postmeta>
			<wp:meta_key><![CDATA[pyre_caption_bg]]></wp:meta_key>
			<wp:meta_value><![CDATA[no]]></wp:meta_value>
		</wp:postmeta>
		<wp:postmeta>
			<wp:meta_key><![CDATA[pyre_caption_bg_color]]></wp:meta_key>
			<wp:meta_value><![CDATA[]]></wp:meta_value>
		</wp:postmeta>
		<wp:postmeta>
			<wp:meta_key><![CDATA[pyre_link_type]]></wp:meta_key>
			<wp:meta_value><![CDATA[button]]></wp:meta_value>
		</wp:postmeta>
		<wp:postmeta>
			<wp:meta_key><![CDATA[pyre_slide_link]]></wp:meta_key>
			<wp:meta_value><![CDATA[]]></wp:meta_value>
		</wp:postmeta>
		<wp:postmeta>
			<wp:meta_key><![CDATA[pyre_slide_target]]></wp:meta_key>
			<wp:meta_value><![CDATA[yes]]></wp:meta_value>
		</wp:postmeta>
		<wp:postmeta>
			<wp:meta_key><![CDATA[pyre_button_1]]></wp:meta_key>
			<wp:meta_value><![CDATA[[fusion_button link="http://themeforest.net/item/avada-responsive-multipurpose-theme/2833226?ref=ThemeFusion" color="default" size="xlarge" type="" shape="" target="_blank" title="" gradient_colors="|" gradient_hover_colors="|" accent_color="" accent_hover_color="" bevel_color="" border_width="0px" shadow="" icon="" icon_divider="yes" icon_position="left" modal="" animation_type="0" animation_direction="down" animation_speed="0.1" class="" id=""]let's get started[/fusion_button]]]></wp:meta_value>
		</wp:postmeta>
		<wp:postmeta>
			<wp:meta_key><![CDATA[pyre_button_2]]></wp:meta_key>
			<wp:meta_value><![CDATA[]]></wp:meta_value>
		</wp:postmeta>
		<wp:postmeta>
			<wp:meta_key><![CDATA[_wxr_import_term]]></wp:meta_key>
			<wp:meta_value><![CDATA[a:3:{s:8:"taxonomy";s:10:"slide-page";s:4:"slug";s:8:"law-home";s:4:"name";s:8:"Law Home";}]]></wp:meta_value>
		</wp:postmeta>
		<wp:postmeta>
			<wp:meta_key><![CDATA[fusion_demo_import]]></wp:meta_key>
			<wp:meta_value><![CDATA[law]]></wp:meta_value>
		</wp:postmeta>
	</item>
	<item>
		<title>Careers</title>
		<link>http://seoul.peterpanz.com/?slide=who-we-are</link>
		<pubDate>Mon, 23 Feb 2015 18:54:03 +0000</pubDate>
		<dc:creator><![CDATA[seoul]]></dc:creator>
		<guid isPermaLink="false">http://avada.theme-fusion.com_demos/law/?post_type=slide&#038;p=103</guid>
		<description></description>
		<content:encoded><![CDATA[]]></content:encoded>
		<excerpt:encoded><![CDATA[]]></excerpt:encoded>
		<wp:post_id>103</wp:post_id>
		<wp:post_date><![CDATA[2015-02-23 18:54:03]]></wp:post_date>
		<wp:post_date_gmt><![CDATA[2015-02-23 18:54:03]]></wp:post_date_gmt>
		<wp:comment_status><![CDATA[closed]]></wp:comment_status>
		<wp:ping_status><![CDATA[closed]]></wp:ping_status>
		<wp:post_name><![CDATA[who-we-are]]></wp:post_name>
		<wp:status><![CDATA[publish]]></wp:status>
		<wp:post_parent>0</wp:post_parent>
		<wp:menu_order>0</wp:menu_order>
		<wp:post_type><![CDATA[slide]]></wp:post_type>
		<wp:post_password><![CDATA[]]></wp:post_password>
		<wp:is_sticky>0</wp:is_sticky>
		<category domain="slide-page" nicename="law-who-we-are"><![CDATA[Law Careers]]></category>
		<wp:postmeta>
			<wp:meta_key><![CDATA[_edit_last]]></wp:meta_key>
			<wp:meta_value><![CDATA[2]]></wp:meta_value>
		</wp:postmeta>
		<wp:postmeta>
			<wp:meta_key><![CDATA[slide_template]]></wp:meta_key>
			<wp:meta_value><![CDATA[default]]></wp:meta_value>
		</wp:postmeta>
		<wp:postmeta>
			<wp:meta_key><![CDATA[pyre_type]]></wp:meta_key>
			<wp:meta_value><![CDATA[image]]></wp:meta_value>
		</wp:postmeta>
		<wp:postmeta>
			<wp:meta_key><![CDATA[pyre_youtube_id]]></wp:meta_key>
			<wp:meta_value><![CDATA[]]></wp:meta_value>
		</wp:postmeta>
		<wp:postmeta>
			<wp:meta_key><![CDATA[pyre_vimeo_id]]></wp:meta_key>
			<wp:meta_value><![CDATA[]]></wp:meta_value>
		</wp:postmeta>
		<wp:postmeta>
			<wp:meta_key><![CDATA[pyre_webm]]></wp:meta_key>
			<wp:meta_value><![CDATA[]]></wp:meta_value>
		</wp:postmeta>
		<wp:postmeta>
			<wp:meta_key><![CDATA[pyre_mp4]]></wp:meta_key>
			<wp:meta_value><![CDATA[]]></wp:meta_value>
		</wp:postmeta>
		<wp:postmeta>
			<wp:meta_key><![CDATA[pyre_ogv]]></wp:meta_key>
			<wp:meta_value><![CDATA[]]></wp:meta_value>
		</wp:postmeta>
		<wp:postmeta>
			<wp:meta_key><![CDATA[pyre_preview_image]]></wp:meta_key>
			<wp:meta_value><![CDATA[]]></wp:meta_value>
		</wp:postmeta>
		<wp:postmeta>
			<wp:meta_key><![CDATA[pyre_video_bg_color]]></wp:meta_key>
			<wp:meta_value><![CDATA[]]></wp:meta_value>
		</wp:postmeta>
		<wp:postmeta>
			<wp:meta_key><![CDATA[pyre_mute_video]]></wp:meta_key>
			<wp:meta_value><![CDATA[yes]]></wp:meta_value>
		</wp:postmeta>
		<wp:postmeta>
			<wp:meta_key><![CDATA[pyre_autoplay_video]]></wp:meta_key>
			<wp:meta_value><![CDATA[yes]]></wp:meta_value>
		</wp:postmeta>
		<wp:postmeta>
			<wp:meta_key><![CDATA[pyre_loop_video]]></wp:meta_key>
			<wp:meta_value><![CDATA[yes]]></wp:meta_value>
		</wp:postmeta>
		<wp:postmeta>
			<wp:meta_key><![CDATA[pyre_hide_video_controls]]></wp:meta_key>
			<wp:meta_value><![CDATA[yes]]></wp:meta_value>
		</wp:postmeta>
		<wp:postmeta>
			<wp:meta_key><![CDATA[pyre_content_alignment]]></wp:meta_key>
			<wp:meta_value><![CDATA[center]]></wp:meta_value>
		</wp:postmeta>
		<wp:postmeta>
			<wp:meta_key><![CDATA[pyre_heading]]></wp:meta_key>
			<wp:meta_value><![CDATA[AVADA LAW CAREERS
[fusion_separator style_type="single solid" top_margin="20" bottom_margin="10" sep_color="rgba(255,255,255,.3)" border_size="" icon="" icon_circle="" icon_circle_color="" width="170px" alignment="center" class="" id=""]]]></wp:meta_value>
		</wp:postmeta>
		<wp:postmeta>
			<wp:meta_key><![CDATA[pyre_heading_font_size]]></wp:meta_key>
			<wp:meta_value><![CDATA[34]]></wp:meta_value>
		</wp:postmeta>
		<wp:postmeta>
			<wp:meta_key><![CDATA[pyre_heading_color]]></wp:meta_key>
			<wp:meta_value><![CDATA[#ffffff]]></wp:meta_value>
		</wp:postmeta>
		<wp:postmeta>
			<wp:meta_key><![CDATA[pyre_heading_bg]]></wp:meta_key>
			<wp:meta_value><![CDATA[no]]></wp:meta_value>
		</wp:postmeta>
		<wp:postmeta>
			<wp:meta_key><![CDATA[pyre_heading_bg_color]]></wp:meta_key>
			<wp:meta_value><![CDATA[]]></wp:meta_value>
		</wp:postmeta>
		<wp:postmeta>
			<wp:meta_key><![CDATA[pyre_caption]]></wp:meta_key>
			<wp:meta_value><![CDATA[<span style="font-weight: 400;">We are always looking to add to our renowned in-house team</span>]]></wp:meta_value>
		</wp:postmeta>
		<wp:postmeta>
			<wp:meta_key><![CDATA[pyre_caption_font_size]]></wp:meta_key>
			<wp:meta_value><![CDATA[18]]></wp:meta_value>
		</wp:postmeta>
		<wp:postmeta>
			<wp:meta_key><![CDATA[pyre_caption_color]]></wp:meta_key>
			<wp:meta_value><![CDATA[#ffffff]]></wp:meta_value>
		</wp:postmeta>
		<wp:postmeta>
			<wp:meta_key><![CDATA[pyre_caption_bg]]></wp:meta_key>
			<wp:meta_value><![CDATA[no]]></wp:meta_value>
		</wp:postmeta>
		<wp:postmeta>
			<wp:meta_key><![CDATA[pyre_caption_bg_color]]></wp:meta_key>
			<wp:meta_value><![CDATA[]]></wp:meta_value>
		</wp:postmeta>
		<wp:postmeta>
			<wp:meta_key><![CDATA[pyre_link_type]]></wp:meta_key>
			<wp:meta_value><![CDATA[button]]></wp:meta_value>
		</wp:postmeta>
		<wp:postmeta>
			<wp:meta_key><![CDATA[pyre_slide_link]]></wp:meta_key>
			<wp:meta_value><![CDATA[]]></wp:meta_value>
		</wp:postmeta>
		<wp:postmeta>
			<wp:meta_key><![CDATA[pyre_slide_target]]></wp:meta_key>
			<wp:meta_value><![CDATA[yes]]></wp:meta_value>
		</wp:postmeta>
		<wp:postmeta>
			<wp:meta_key><![CDATA[pyre_button_1]]></wp:meta_key>
			<wp:meta_value><![CDATA[]]></wp:meta_value>
		</wp:postmeta>
		<wp:postmeta>
			<wp:meta_key><![CDATA[pyre_button_2]]></wp:meta_key>
			<wp:meta_value><![CDATA[]]></wp:meta_value>
		</wp:postmeta>
		<wp:postmeta>
			<wp:meta_key><![CDATA[_thumbnail_id]]></wp:meta_key>
			<wp:meta_value><![CDATA[1084]]></wp:meta_value>
		</wp:postmeta>
		<wp:postmeta>
			<wp:meta_key><![CDATA[_wxr_import_term]]></wp:meta_key>
			<wp:meta_value><![CDATA[a:3:{s:8:"taxonomy";s:10:"slide-page";s:4:"slug";s:14:"law-who-we-are";s:4:"name";s:11:"Law Careers";}]]></wp:meta_value>
		</wp:postmeta>
		<wp:postmeta>
			<wp:meta_key><![CDATA[fusion_demo_import]]></wp:meta_key>
			<wp:meta_value><![CDATA[law]]></wp:meta_value>
		</wp:postmeta>
	</item>
	<item>
		<title>Who We Are</title>
		<link>http://seoul.peterpanz.com/?slide=who-we-are-2</link>
		<pubDate>Mon, 23 Feb 2015 22:06:24 +0000</pubDate>
		<dc:creator><![CDATA[seoul]]></dc:creator>
		<guid isPermaLink="false">http://avada.theme-fusion.com_demos/law/?post_type=slide&#038;p=131</guid>
		<description></description>
		<content:encoded><![CDATA[]]></content:encoded>
		<excerpt:encoded><![CDATA[]]></excerpt:encoded>
		<wp:post_id>131</wp:post_id>
		<wp:post_date><![CDATA[2015-02-23 22:06:24]]></wp:post_date>
		<wp:post_date_gmt><![CDATA[2015-02-23 22:06:24]]></wp:post_date_gmt>
		<wp:comment_status><![CDATA[closed]]></wp:comment_status>
		<wp:ping_status><![CDATA[closed]]></wp:ping_status>
		<wp:post_name><![CDATA[who-we-are-2]]></wp:post_name>
		<wp:status><![CDATA[publish]]></wp:status>
		<wp:post_parent>0</wp:post_parent>
		<wp:menu_order>0</wp:menu_order>
		<wp:post_type><![CDATA[slide]]></wp:post_type>
		<wp:post_password><![CDATA[]]></wp:post_password>
		<wp:is_sticky>0</wp:is_sticky>
		<category domain="slide-page" nicename="law-who-we-are-2"><![CDATA[Law Who We Are]]></category>
		<wp:postmeta>
			<wp:meta_key><![CDATA[_edit_last]]></wp:meta_key>
			<wp:meta_value><![CDATA[2]]></wp:meta_value>
		</wp:postmeta>
		<wp:postmeta>
			<wp:meta_key><![CDATA[slide_template]]></wp:meta_key>
			<wp:meta_value><![CDATA[default]]></wp:meta_value>
		</wp:postmeta>
		<wp:postmeta>
			<wp:meta_key><![CDATA[pyre_type]]></wp:meta_key>
			<wp:meta_value><![CDATA[image]]></wp:meta_value>
		</wp:postmeta>
		<wp:postmeta>
			<wp:meta_key><![CDATA[pyre_youtube_id]]></wp:meta_key>
			<wp:meta_value><![CDATA[]]></wp:meta_value>
		</wp:postmeta>
		<wp:postmeta>
			<wp:meta_key><![CDATA[pyre_vimeo_id]]></wp:meta_key>
			<wp:meta_value><![CDATA[]]></wp:meta_value>
		</wp:postmeta>
		<wp:postmeta>
			<wp:meta_key><![CDATA[pyre_webm]]></wp:meta_key>
			<wp:meta_value><![CDATA[]]></wp:meta_value>
		</wp:postmeta>
		<wp:postmeta>
			<wp:meta_key><![CDATA[pyre_mp4]]></wp:meta_key>
			<wp:meta_value><![CDATA[]]></wp:meta_value>
		</wp:postmeta>
		<wp:postmeta>
			<wp:meta_key><![CDATA[pyre_ogv]]></wp:meta_key>
			<wp:meta_value><![CDATA[]]></wp:meta_value>
		</wp:postmeta>
		<wp:postmeta>
			<wp:meta_key><![CDATA[pyre_preview_image]]></wp:meta_key>
			<wp:meta_value><![CDATA[]]></wp:meta_value>
		</wp:postmeta>
		<wp:postmeta>
			<wp:meta_key><![CDATA[pyre_video_bg_color]]></wp:meta_key>
			<wp:meta_value><![CDATA[]]></wp:meta_value>
		</wp:postmeta>
		<wp:postmeta>
			<wp:meta_key><![CDATA[pyre_mute_video]]></wp:meta_key>
			<wp:meta_value><![CDATA[yes]]></wp:meta_value>
		</wp:postmeta>
		<wp:postmeta>
			<wp:meta_key><![CDATA[pyre_autoplay_video]]></wp:meta_key>
			<wp:meta_value><![CDATA[yes]]></wp:meta_value>
		</wp:postmeta>
		<wp:postmeta>
			<wp:meta_key><![CDATA[pyre_loop_video]]></wp:meta_key>
			<wp:meta_value><![CDATA[yes]]></wp:meta_value>
		</wp:postmeta>
		<wp:postmeta>
			<wp:meta_key><![CDATA[pyre_hide_video_controls]]></wp:meta_key>
			<wp:meta_value><![CDATA[yes]]></wp:meta_value>
		</wp:postmeta>
		<wp:postmeta>
			<wp:meta_key><![CDATA[pyre_content_alignment]]></wp:meta_key>
			<wp:meta_value><![CDATA[center]]></wp:meta_value>
		</wp:postmeta>
		<wp:postmeta>
			<wp:meta_key><![CDATA[pyre_heading]]></wp:meta_key>
			<wp:meta_value><![CDATA[WHO WE ARE
[fusion_separator style_type="single solid" top_margin="20" bottom_margin="10" sep_color="rgba(255,255,255,.3)" border_size="" icon="" icon_circle="" icon_circle_color="" width="170px" alignment="center" class="" id=""]]]></wp:meta_value>
		</wp:postmeta>
		<wp:postmeta>
			<wp:meta_key><![CDATA[pyre_heading_font_size]]></wp:meta_key>
			<wp:meta_value><![CDATA[36]]></wp:meta_value>
		</wp:postmeta>
		<wp:postmeta>
			<wp:meta_key><![CDATA[pyre_heading_color]]></wp:meta_key>
			<wp:meta_value><![CDATA[#ffffff]]></wp:meta_value>
		</wp:postmeta>
		<wp:postmeta>
			<wp:meta_key><![CDATA[pyre_heading_bg]]></wp:meta_key>
			<wp:meta_value><![CDATA[no]]></wp:meta_value>
		</wp:postmeta>
		<wp:postmeta>
			<wp:meta_key><![CDATA[pyre_heading_bg_color]]></wp:meta_key>
			<wp:meta_value><![CDATA[]]></wp:meta_value>
		</wp:postmeta>
		<wp:postmeta>
			<wp:meta_key><![CDATA[pyre_caption]]></wp:meta_key>
			<wp:meta_value><![CDATA[<span style="font-weight: 400;">Challenging ourselves to bring new and original ways of thinking</span>]]></wp:meta_value>
		</wp:postmeta>
		<wp:postmeta>
			<wp:meta_key><![CDATA[pyre_caption_font_size]]></wp:meta_key>
			<wp:meta_value><![CDATA[18]]></wp:meta_value>
		</wp:postmeta>
		<wp:postmeta>
			<wp:meta_key><![CDATA[pyre_caption_color]]></wp:meta_key>
			<wp:meta_value><![CDATA[#ffffff]]></wp:meta_value>
		</wp:postmeta>
		<wp:postmeta>
			<wp:meta_key><![CDATA[pyre_caption_bg]]></wp:meta_key>
			<wp:meta_value><![CDATA[no]]></wp:meta_value>
		</wp:postmeta>
		<wp:postmeta>
			<wp:meta_key><![CDATA[pyre_caption_bg_color]]></wp:meta_key>
			<wp:meta_value><![CDATA[]]></wp:meta_value>
		</wp:postmeta>
		<wp:postmeta>
			<wp:meta_key><![CDATA[pyre_link_type]]></wp:meta_key>
			<wp:meta_value><![CDATA[button]]></wp:meta_value>
		</wp:postmeta>
		<wp:postmeta>
			<wp:meta_key><![CDATA[pyre_slide_link]]></wp:meta_key>
			<wp:meta_value><![CDATA[]]></wp:meta_value>
		</wp:postmeta>
		<wp:postmeta>
			<wp:meta_key><![CDATA[pyre_slide_target]]></wp:meta_key>
			<wp:meta_value><![CDATA[yes]]></wp:meta_value>
		</wp:postmeta>
		<wp:postmeta>
			<wp:meta_key><![CDATA[pyre_button_1]]></wp:meta_key>
			<wp:meta_value><![CDATA[]]></wp:meta_value>
		</wp:postmeta>
		<wp:postmeta>
			<wp:meta_key><![CDATA[pyre_button_2]]></wp:meta_key>
			<wp:meta_value><![CDATA[]]></wp:meta_value>
		</wp:postmeta>
		<wp:postmeta>
			<wp:meta_key><![CDATA[_thumbnail_id]]></wp:meta_key>
			<wp:meta_value><![CDATA[1085]]></wp:meta_value>
		</wp:postmeta>
		<wp:postmeta>
			<wp:meta_key><![CDATA[_wxr_import_term]]></wp:meta_key>
			<wp:meta_value><![CDATA[a:3:{s:8:"taxonomy";s:10:"slide-page";s:4:"slug";s:16:"law-who-we-are-2";s:4:"name";s:14:"Law Who We Are";}]]></wp:meta_value>
		</wp:postmeta>
		<wp:postmeta>
			<wp:meta_key><![CDATA[fusion_demo_import]]></wp:meta_key>
			<wp:meta_value><![CDATA[law]]></wp:meta_value>
		</wp:postmeta>
	</item>
	<item>
		<title>Where We Work</title>
		<link>http://seoul.peterpanz.com/?slide=where-we-work</link>
		<pubDate>Mon, 02 Mar 2015 13:55:34 +0000</pubDate>
		<dc:creator><![CDATA[seoul]]></dc:creator>
		<guid isPermaLink="false">http://avada.theme-fusion.com_demos/law/?post_type=slide&#038;p=299</guid>
		<description></description>
		<content:encoded><![CDATA[]]></content:encoded>
		<excerpt:encoded><![CDATA[]]></excerpt:encoded>
		<wp:post_id>299</wp:post_id>
		<wp:post_date><![CDATA[2015-03-02 13:55:34]]></wp:post_date>
		<wp:post_date_gmt><![CDATA[2015-03-02 13:55:34]]></wp:post_date_gmt>
		<wp:comment_status><![CDATA[closed]]></wp:comment_status>
		<wp:ping_status><![CDATA[closed]]></wp:ping_status>
		<wp:post_name><![CDATA[where-we-work]]></wp:post_name>
		<wp:status><![CDATA[publish]]></wp:status>
		<wp:post_parent>0</wp:post_parent>
		<wp:menu_order>0</wp:menu_order>
		<wp:post_type><![CDATA[slide]]></wp:post_type>
		<wp:post_password><![CDATA[]]></wp:post_password>
		<wp:is_sticky>0</wp:is_sticky>
		<category domain="slide-page" nicename="law-where-we-work"><![CDATA[Law Where We Work]]></category>
		<wp:postmeta>
			<wp:meta_key><![CDATA[_edit_last]]></wp:meta_key>
			<wp:meta_value><![CDATA[2]]></wp:meta_value>
		</wp:postmeta>
		<wp:postmeta>
			<wp:meta_key><![CDATA[slide_template]]></wp:meta_key>
			<wp:meta_value><![CDATA[default]]></wp:meta_value>
		</wp:postmeta>
		<wp:postmeta>
			<wp:meta_key><![CDATA[pyre_type]]></wp:meta_key>
			<wp:meta_value><![CDATA[image]]></wp:meta_value>
		</wp:postmeta>
		<wp:postmeta>
			<wp:meta_key><![CDATA[pyre_youtube_id]]></wp:meta_key>
			<wp:meta_value><![CDATA[]]></wp:meta_value>
		</wp:postmeta>
		<wp:postmeta>
			<wp:meta_key><![CDATA[pyre_vimeo_id]]></wp:meta_key>
			<wp:meta_value><![CDATA[]]></wp:meta_value>
		</wp:postmeta>
		<wp:postmeta>
			<wp:meta_key><![CDATA[pyre_webm]]></wp:meta_key>
			<wp:meta_value><![CDATA[]]></wp:meta_value>
		</wp:postmeta>
		<wp:postmeta>
			<wp:meta_key><![CDATA[pyre_mp4]]></wp:meta_key>
			<wp:meta_value><![CDATA[]]></wp:meta_value>
		</wp:postmeta>
		<wp:postmeta>
			<wp:meta_key><![CDATA[pyre_ogv]]></wp:meta_key>
			<wp:meta_value><![CDATA[]]></wp:meta_value>
		</wp:postmeta>
		<wp:postmeta>
			<wp:meta_key><![CDATA[pyre_preview_image]]></wp:meta_key>
			<wp:meta_value><![CDATA[]]></wp:meta_value>
		</wp:postmeta>
		<wp:postmeta>
			<wp:meta_key><![CDATA[pyre_video_bg_color]]></wp:meta_key>
			<wp:meta_value><![CDATA[]]></wp:meta_value>
		</wp:postmeta>
		<wp:postmeta>
			<wp:meta_key><![CDATA[pyre_mute_video]]></wp:meta_key>
			<wp:meta_value><![CDATA[yes]]></wp:meta_value>
		</wp:postmeta>
		<wp:postmeta>
			<wp:meta_key><![CDATA[pyre_autoplay_video]]></wp:meta_key>
			<wp:meta_value><![CDATA[yes]]></wp:meta_value>
		</wp:postmeta>
		<wp:postmeta>
			<wp:meta_key><![CDATA[pyre_loop_video]]></wp:meta_key>
			<wp:meta_value><![CDATA[yes]]></wp:meta_value>
		</wp:postmeta>
		<wp:postmeta>
			<wp:meta_key><![CDATA[pyre_hide_video_controls]]></wp:meta_key>
			<wp:meta_value><![CDATA[yes]]></wp:meta_value>
		</wp:postmeta>
		<wp:postmeta>
			<wp:meta_key><![CDATA[pyre_content_alignment]]></wp:meta_key>
			<wp:meta_value><![CDATA[center]]></wp:meta_value>
		</wp:postmeta>
		<wp:postmeta>
			<wp:meta_key><![CDATA[pyre_heading]]></wp:meta_key>
			<wp:meta_value><![CDATA[WHERE WE WORK
[fusion_separator style_type="single solid" top_margin="20" bottom_margin="10" sep_color="rgba(255,255,255,.3)" border_size="" icon="" icon_circle="" icon_circle_color="" width="170px" alignment="center" class="" id=""]]]></wp:meta_value>
		</wp:postmeta>
		<wp:postmeta>
			<wp:meta_key><![CDATA[pyre_heading_font_size]]></wp:meta_key>
			<wp:meta_value><![CDATA[34]]></wp:meta_value>
		</wp:postmeta>
		<wp:postmeta>
			<wp:meta_key><![CDATA[pyre_heading_color]]></wp:meta_key>
			<wp:meta_value><![CDATA[#fff]]></wp:meta_value>
		</wp:postmeta>
		<wp:postmeta>
			<wp:meta_key><![CDATA[pyre_heading_bg]]></wp:meta_key>
			<wp:meta_value><![CDATA[no]]></wp:meta_value>
		</wp:postmeta>
		<wp:postmeta>
			<wp:meta_key><![CDATA[pyre_heading_bg_color]]></wp:meta_key>
			<wp:meta_value><![CDATA[]]></wp:meta_value>
		</wp:postmeta>
		<wp:postmeta>
			<wp:meta_key><![CDATA[pyre_caption]]></wp:meta_key>
			<wp:meta_value><![CDATA[<span style="font-weight: 400;">We operate in over 190 countries and have 9 international offices</span>]]></wp:meta_value>
		</wp:postmeta>
		<wp:postmeta>
			<wp:meta_key><![CDATA[pyre_caption_font_size]]></wp:meta_key>
			<wp:meta_value><![CDATA[18]]></wp:meta_value>
		</wp:postmeta>
		<wp:postmeta>
			<wp:meta_key><![CDATA[pyre_caption_color]]></wp:meta_key>
			<wp:meta_value><![CDATA[#fff]]></wp:meta_value>
		</wp:postmeta>
		<wp:postmeta>
			<wp:meta_key><![CDATA[pyre_caption_bg]]></wp:meta_key>
			<wp:meta_value><![CDATA[no]]></wp:meta_value>
		</wp:postmeta>
		<wp:postmeta>
			<wp:meta_key><![CDATA[pyre_caption_bg_color]]></wp:meta_key>
			<wp:meta_value><![CDATA[]]></wp:meta_value>
		</wp:postmeta>
		<wp:postmeta>
			<wp:meta_key><![CDATA[pyre_link_type]]></wp:meta_key>
			<wp:meta_value><![CDATA[button]]></wp:meta_value>
		</wp:postmeta>
		<wp:postmeta>
			<wp:meta_key><![CDATA[pyre_slide_link]]></wp:meta_key>
			<wp:meta_value><![CDATA[]]></wp:meta_value>
		</wp:postmeta>
		<wp:postmeta>
			<wp:meta_key><![CDATA[pyre_slide_target]]></wp:meta_key>
			<wp:meta_value><![CDATA[yes]]></wp:meta_value>
		</wp:postmeta>
		<wp:postmeta>
			<wp:meta_key><![CDATA[pyre_button_1]]></wp:meta_key>
			<wp:meta_value><![CDATA[]]></wp:meta_value>
		</wp:postmeta>
		<wp:postmeta>
			<wp:meta_key><![CDATA[pyre_button_2]]></wp:meta_key>
			<wp:meta_value><![CDATA[]]></wp:meta_value>
		</wp:postmeta>
		<wp:postmeta>
			<wp:meta_key><![CDATA[_thumbnail_id]]></wp:meta_key>
			<wp:meta_value><![CDATA[1083]]></wp:meta_value>
		</wp:postmeta>
		<wp:postmeta>
			<wp:meta_key><![CDATA[_wxr_import_term]]></wp:meta_key>
			<wp:meta_value><![CDATA[a:3:{s:8:"taxonomy";s:10:"slide-page";s:4:"slug";s:17:"law-where-we-work";s:4:"name";s:17:"Law Where We Work";}]]></wp:meta_value>
		</wp:postmeta>
		<wp:postmeta>
			<wp:meta_key><![CDATA[fusion_demo_import]]></wp:meta_key>
			<wp:meta_value><![CDATA[law]]></wp:meta_value>
		</wp:postmeta>
	</item>
	<item>
		<title>What We Do</title>
		<link>http://seoul.peterpanz.com/?slide=what-we-do</link>
		<pubDate>Tue, 03 Mar 2015 17:48:04 +0000</pubDate>
		<dc:creator><![CDATA[seoul]]></dc:creator>
		<guid isPermaLink="false">http://avada.theme-fusion.com_demos/law/?post_type=slide&#038;p=350</guid>
		<description></description>
		<content:encoded><![CDATA[]]></content:encoded>
		<excerpt:encoded><![CDATA[]]></excerpt:encoded>
		<wp:post_id>350</wp:post_id>
		<wp:post_date><![CDATA[2015-03-03 17:48:04]]></wp:post_date>
		<wp:post_date_gmt><![CDATA[2015-03-03 17:48:04]]></wp:post_date_gmt>
		<wp:comment_status><![CDATA[closed]]></wp:comment_status>
		<wp:ping_status><![CDATA[closed]]></wp:ping_status>
		<wp:post_name><![CDATA[what-we-do]]></wp:post_name>
		<wp:status><![CDATA[publish]]></wp:status>
		<wp:post_parent>0</wp:post_parent>
		<wp:menu_order>0</wp:menu_order>
		<wp:post_type><![CDATA[slide]]></wp:post_type>
		<wp:post_password><![CDATA[]]></wp:post_password>
		<wp:is_sticky>0</wp:is_sticky>
		<category domain="slide-page" nicename="law-what-we-do"><![CDATA[Law What We Do]]></category>
		<wp:postmeta>
			<wp:meta_key><![CDATA[_edit_last]]></wp:meta_key>
			<wp:meta_value><![CDATA[2]]></wp:meta_value>
		</wp:postmeta>
		<wp:postmeta>
			<wp:meta_key><![CDATA[slide_template]]></wp:meta_key>
			<wp:meta_value><![CDATA[default]]></wp:meta_value>
		</wp:postmeta>
		<wp:postmeta>
			<wp:meta_key><![CDATA[pyre_type]]></wp:meta_key>
			<wp:meta_value><![CDATA[image]]></wp:meta_value>
		</wp:postmeta>
		<wp:postmeta>
			<wp:meta_key><![CDATA[pyre_youtube_id]]></wp:meta_key>
			<wp:meta_value><![CDATA[]]></wp:meta_value>
		</wp:postmeta>
		<wp:postmeta>
			<wp:meta_key><![CDATA[pyre_vimeo_id]]></wp:meta_key>
			<wp:meta_value><![CDATA[]]></wp:meta_value>
		</wp:postmeta>
		<wp:postmeta>
			<wp:meta_key><![CDATA[pyre_webm]]></wp:meta_key>
			<wp:meta_value><![CDATA[]]></wp:meta_value>
		</wp:postmeta>
		<wp:postmeta>
			<wp:meta_key><![CDATA[pyre_mp4]]></wp:meta_key>
			<wp:meta_value><![CDATA[]]></wp:meta_value>
		</wp:postmeta>
		<wp:postmeta>
			<wp:meta_key><![CDATA[pyre_ogv]]></wp:meta_key>
			<wp:meta_value><![CDATA[]]></wp:meta_value>
		</wp:postmeta>
		<wp:postmeta>
			<wp:meta_key><![CDATA[pyre_preview_image]]></wp:meta_key>
			<wp:meta_value><![CDATA[]]></wp:meta_value>
		</wp:postmeta>
		<wp:postmeta>
			<wp:meta_key><![CDATA[pyre_video_bg_color]]></wp:meta_key>
			<wp:meta_value><![CDATA[]]></wp:meta_value>
		</wp:postmeta>
		<wp:postmeta>
			<wp:meta_key><![CDATA[pyre_mute_video]]></wp:meta_key>
			<wp:meta_value><![CDATA[yes]]></wp:meta_value>
		</wp:postmeta>
		<wp:postmeta>
			<wp:meta_key><![CDATA[pyre_autoplay_video]]></wp:meta_key>
			<wp:meta_value><![CDATA[yes]]></wp:meta_value>
		</wp:postmeta>
		<wp:postmeta>
			<wp:meta_key><![CDATA[pyre_loop_video]]></wp:meta_key>
			<wp:meta_value><![CDATA[yes]]></wp:meta_value>
		</wp:postmeta>
		<wp:postmeta>
			<wp:meta_key><![CDATA[pyre_hide_video_controls]]></wp:meta_key>
			<wp:meta_value><![CDATA[yes]]></wp:meta_value>
		</wp:postmeta>
		<wp:postmeta>
			<wp:meta_key><![CDATA[pyre_content_alignment]]></wp:meta_key>
			<wp:meta_value><![CDATA[center]]></wp:meta_value>
		</wp:postmeta>
		<wp:postmeta>
			<wp:meta_key><![CDATA[pyre_heading]]></wp:meta_key>
			<wp:meta_value><![CDATA[WHAT WE DO
[fusion_separator style_type="single solid" top_margin="20" bottom_margin="10" sep_color="rgba(255,255,255,.3)" border_size="" icon="" icon_circle="" icon_circle_color="" width="170px" alignment="center" class="" id=""]]]></wp:meta_value>
		</wp:postmeta>
		<wp:postmeta>
			<wp:meta_key><![CDATA[pyre_heading_font_size]]></wp:meta_key>
			<wp:meta_value><![CDATA[36]]></wp:meta_value>
		</wp:postmeta>
		<wp:postmeta>
			<wp:meta_key><![CDATA[pyre_heading_color]]></wp:meta_key>
			<wp:meta_value><![CDATA[#fff]]></wp:meta_value>
		</wp:postmeta>
		<wp:postmeta>
			<wp:meta_key><![CDATA[pyre_heading_bg]]></wp:meta_key>
			<wp:meta_value><![CDATA[no]]></wp:meta_value>
		</wp:postmeta>
		<wp:postmeta>
			<wp:meta_key><![CDATA[pyre_heading_bg_color]]></wp:meta_key>
			<wp:meta_value><![CDATA[]]></wp:meta_value>
		</wp:postmeta>
		<wp:postmeta>
			<wp:meta_key><![CDATA[pyre_caption]]></wp:meta_key>
			<wp:meta_value><![CDATA[<span style="font-weight: 400;">Our practice areas developed to meet a changing global marketplace</span>]]></wp:meta_value>
		</wp:postmeta>
		<wp:postmeta>
			<wp:meta_key><![CDATA[pyre_caption_font_size]]></wp:meta_key>
			<wp:meta_value><![CDATA[18]]></wp:meta_value>
		</wp:postmeta>
		<wp:postmeta>
			<wp:meta_key><![CDATA[pyre_caption_color]]></wp:meta_key>
			<wp:meta_value><![CDATA[#fff]]></wp:meta_value>
		</wp:postmeta>
		<wp:postmeta>
			<wp:meta_key><![CDATA[pyre_caption_bg]]></wp:meta_key>
			<wp:meta_value><![CDATA[no]]></wp:meta_value>
		</wp:postmeta>
		<wp:postmeta>
			<wp:meta_key><![CDATA[pyre_caption_bg_color]]></wp:meta_key>
			<wp:meta_value><![CDATA[]]></wp:meta_value>
		</wp:postmeta>
		<wp:postmeta>
			<wp:meta_key><![CDATA[pyre_link_type]]></wp:meta_key>
			<wp:meta_value><![CDATA[button]]></wp:meta_value>
		</wp:postmeta>
		<wp:postmeta>
			<wp:meta_key><![CDATA[pyre_slide_link]]></wp:meta_key>
			<wp:meta_value><![CDATA[]]></wp:meta_value>
		</wp:postmeta>
		<wp:postmeta>
			<wp:meta_key><![CDATA[pyre_slide_target]]></wp:meta_key>
			<wp:meta_value><![CDATA[yes]]></wp:meta_value>
		</wp:postmeta>
		<wp:postmeta>
			<wp:meta_key><![CDATA[pyre_button_1]]></wp:meta_key>
			<wp:meta_value><![CDATA[]]></wp:meta_value>
		</wp:postmeta>
		<wp:postmeta>
			<wp:meta_key><![CDATA[pyre_button_2]]></wp:meta_key>
			<wp:meta_value><![CDATA[]]></wp:meta_value>
		</wp:postmeta>
		<wp:postmeta>
			<wp:meta_key><![CDATA[_thumbnail_id]]></wp:meta_key>
			<wp:meta_value><![CDATA[1086]]></wp:meta_value>
		</wp:postmeta>
		<wp:postmeta>
			<wp:meta_key><![CDATA[_wxr_import_term]]></wp:meta_key>
			<wp:meta_value><![CDATA[a:3:{s:8:"taxonomy";s:10:"slide-page";s:4:"slug";s:14:"law-what-we-do";s:4:"name";s:14:"Law What We Do";}]]></wp:meta_value>
		</wp:postmeta>
		<wp:postmeta>
			<wp:meta_key><![CDATA[fusion_demo_import]]></wp:meta_key>
			<wp:meta_value><![CDATA[law]]></wp:meta_value>
		</wp:postmeta>
	</item>
	<item>
		<title>Contact Us</title>
		<link>http://seoul.peterpanz.com/?slide=contact-us</link>
		<pubDate>Wed, 01 Jul 2015 20:20:08 +0000</pubDate>
		<dc:creator><![CDATA[admin]]></dc:creator>
		<guid isPermaLink="false">http://seoul.peterpanz.com/?post_type=slide&#038;p=771</guid>
		<description></description>
		<content:encoded><![CDATA[]]></content:encoded>
		<excerpt:encoded><![CDATA[]]></excerpt:encoded>
		<wp:post_id>771</wp:post_id>
		<wp:post_date><![CDATA[2015-07-01 20:20:08]]></wp:post_date>
		<wp:post_date_gmt><![CDATA[2015-07-01 20:20:08]]></wp:post_date_gmt>
		<wp:comment_status><![CDATA[closed]]></wp:comment_status>
		<wp:ping_status><![CDATA[closed]]></wp:ping_status>
		<wp:post_name><![CDATA[contact-us]]></wp:post_name>
		<wp:status><![CDATA[publish]]></wp:status>
		<wp:post_parent>0</wp:post_parent>
		<wp:menu_order>0</wp:menu_order>
		<wp:post_type><![CDATA[slide]]></wp:post_type>
		<wp:post_password><![CDATA[]]></wp:post_password>
		<wp:is_sticky>0</wp:is_sticky>
		<category domain="slide-page" nicename="law-contact"><![CDATA[Law Contact Us]]></category>
		<wp:postmeta>
			<wp:meta_key><![CDATA[_edit_last]]></wp:meta_key>
			<wp:meta_value><![CDATA[2]]></wp:meta_value>
		</wp:postmeta>
		<wp:postmeta>
			<wp:meta_key><![CDATA[_thumbnail_id]]></wp:meta_key>
			<wp:meta_value><![CDATA[504]]></wp:meta_value>
		</wp:postmeta>
		<wp:postmeta>
			<wp:meta_key><![CDATA[slide_template]]></wp:meta_key>
			<wp:meta_value><![CDATA[default]]></wp:meta_value>
		</wp:postmeta>
		<wp:postmeta>
			<wp:meta_key><![CDATA[pyre_type]]></wp:meta_key>
			<wp:meta_value><![CDATA[image]]></wp:meta_value>
		</wp:postmeta>
		<wp:postmeta>
			<wp:meta_key><![CDATA[pyre_youtube_id]]></wp:meta_key>
			<wp:meta_value><![CDATA[]]></wp:meta_value>
		</wp:postmeta>
		<wp:postmeta>
			<wp:meta_key><![CDATA[pyre_vimeo_id]]></wp:meta_key>
			<wp:meta_value><![CDATA[]]></wp:meta_value>
		</wp:postmeta>
		<wp:postmeta>
			<wp:meta_key><![CDATA[pyre_webm]]></wp:meta_key>
			<wp:meta_value><![CDATA[]]></wp:meta_value>
		</wp:postmeta>
		<wp:postmeta>
			<wp:meta_key><![CDATA[pyre_mp4]]></wp:meta_key>
			<wp:meta_value><![CDATA[]]></wp:meta_value>
		</wp:postmeta>
		<wp:postmeta>
			<wp:meta_key><![CDATA[pyre_ogv]]></wp:meta_key>
			<wp:meta_value><![CDATA[]]></wp:meta_value>
		</wp:postmeta>
		<wp:postmeta>
			<wp:meta_key><![CDATA[pyre_preview_image]]></wp:meta_key>
			<wp:meta_value><![CDATA[]]></wp:meta_value>
		</wp:postmeta>
		<wp:postmeta>
			<wp:meta_key><![CDATA[pyre_video_bg_color]]></wp:meta_key>
			<wp:meta_value><![CDATA[]]></wp:meta_value>
		</wp:postmeta>
		<wp:postmeta>
			<wp:meta_key><![CDATA[pyre_mute_video]]></wp:meta_key>
			<wp:meta_value><![CDATA[yes]]></wp:meta_value>
		</wp:postmeta>
		<wp:postmeta>
			<wp:meta_key><![CDATA[pyre_autoplay_video]]></wp:meta_key>
			<wp:meta_value><![CDATA[yes]]></wp:meta_value>
		</wp:postmeta>
		<wp:postmeta>
			<wp:meta_key><![CDATA[pyre_loop_video]]></wp:meta_key>
			<wp:meta_value><![CDATA[yes]]></wp:meta_value>
		</wp:postmeta>
		<wp:postmeta>
			<wp:meta_key><![CDATA[pyre_hide_video_controls]]></wp:meta_key>
			<wp:meta_value><![CDATA[yes]]></wp:meta_value>
		</wp:postmeta>
		<wp:postmeta>
			<wp:meta_key><![CDATA[pyre_content_alignment]]></wp:meta_key>
			<wp:meta_value><![CDATA[center]]></wp:meta_value>
		</wp:postmeta>
		<wp:postmeta>
			<wp:meta_key><![CDATA[pyre_heading]]></wp:meta_key>
			<wp:meta_value><![CDATA[GET IN TOUCH
[fusion_separator style_type="single solid" top_margin="20" bottom_margin="10" sep_color="rgba(255,255,255,.3)" border_size="" icon="" icon_circle="" icon_circle_color="" width="170px" alignment="center" class="" id=""]]]></wp:meta_value>
		</wp:postmeta>
		<wp:postmeta>
			<wp:meta_key><![CDATA[pyre_heading_font_size]]></wp:meta_key>
			<wp:meta_value><![CDATA[36]]></wp:meta_value>
		</wp:postmeta>
		<wp:postmeta>
			<wp:meta_key><![CDATA[pyre_heading_color]]></wp:meta_key>
			<wp:meta_value><![CDATA[#fff]]></wp:meta_value>
		</wp:postmeta>
		<wp:postmeta>
			<wp:meta_key><![CDATA[pyre_heading_bg]]></wp:meta_key>
			<wp:meta_value><![CDATA[no]]></wp:meta_value>
		</wp:postmeta>
		<wp:postmeta>
			<wp:meta_key><![CDATA[pyre_heading_bg_color]]></wp:meta_key>
			<wp:meta_value><![CDATA[]]></wp:meta_value>
		</wp:postmeta>
		<wp:postmeta>
			<wp:meta_key><![CDATA[pyre_caption]]></wp:meta_key>
			<wp:meta_value><![CDATA[<span style="font-weight: 400;">Our team of experts are ready to hear from you</span>]]></wp:meta_value>
		</wp:postmeta>
		<wp:postmeta>
			<wp:meta_key><![CDATA[pyre_caption_font_size]]></wp:meta_key>
			<wp:meta_value><![CDATA[18]]></wp:meta_value>
		</wp:postmeta>
		<wp:postmeta>
			<wp:meta_key><![CDATA[pyre_caption_color]]></wp:meta_key>
			<wp:meta_value><![CDATA[#fff]]></wp:meta_value>
		</wp:postmeta>
		<wp:postmeta>
			<wp:meta_key><![CDATA[pyre_caption_bg]]></wp:meta_key>
			<wp:meta_value><![CDATA[no]]></wp:meta_value>
		</wp:postmeta>
		<wp:postmeta>
			<wp:meta_key><![CDATA[pyre_caption_bg_color]]></wp:meta_key>
			<wp:meta_value><![CDATA[]]></wp:meta_value>
		</wp:postmeta>
		<wp:postmeta>
			<wp:meta_key><![CDATA[pyre_link_type]]></wp:meta_key>
			<wp:meta_value><![CDATA[full]]></wp:meta_value>
		</wp:postmeta>
		<wp:postmeta>
			<wp:meta_key><![CDATA[pyre_slide_link]]></wp:meta_key>
			<wp:meta_value><![CDATA[]]></wp:meta_value>
		</wp:postmeta>
		<wp:postmeta>
			<wp:meta_key><![CDATA[pyre_slide_target]]></wp:meta_key>
			<wp:meta_value><![CDATA[yes]]></wp:meta_value>
		</wp:postmeta>
		<wp:postmeta>
			<wp:meta_key><![CDATA[pyre_button_1]]></wp:meta_key>
			<wp:meta_value><![CDATA[[fusion_button link="" color="default" size="" type="" shape="" target="_self" title="" gradient_colors="|" gradient_hover_colors="|" accent_color="" accent_hover_color="" bevel_color="" border_width="1px" shadow="" icon="" icon_divider="yes" icon_position="left" modal="" animation_type="0" animation_direction="down" animation_speed="0.1" class="" id=""]Button Text[/fusion_button]]]></wp:meta_value>
		</wp:postmeta>
		<wp:postmeta>
			<wp:meta_key><![CDATA[pyre_button_2]]></wp:meta_key>
			<wp:meta_value><![CDATA[[fusion_button link="" color="default" size="" type="" shape="" target="_self" title="" gradient_colors="|" gradient_hover_colors="|" accent_color="" accent_hover_color="" bevel_color="" border_width="1px" shadow="" icon="" icon_divider="yes" icon_position="left" modal="" animation_type="0" animation_direction="down" animation_speed="0.1" class="" id=""]Button Text[/fusion_button]]]></wp:meta_value>
		</wp:postmeta>
		<wp:postmeta>
			<wp:meta_key><![CDATA[_wxr_import_term]]></wp:meta_key>
			<wp:meta_value><![CDATA[a:3:{s:8:"taxonomy";s:10:"slide-page";s:4:"slug";s:11:"law-contact";s:4:"name";s:14:"Law Contact Us";}]]></wp:meta_value>
		</wp:postmeta>
		<wp:postmeta>
			<wp:meta_key><![CDATA[fusion_demo_import]]></wp:meta_key>
			<wp:meta_value><![CDATA[law]]></wp:meta_value>
		</wp:postmeta>
	</item>
	<item>
		<title>News</title>
		<link>http://seoul.peterpanz.com/?slide=940</link>
		<pubDate>Thu, 02 Jul 2015 16:15:54 +0000</pubDate>
		<dc:creator><![CDATA[admin]]></dc:creator>
		<guid isPermaLink="false">http://seoul.peterpanz.com/?post_type=slide&#038;p=940</guid>
		<description></description>
		<content:encoded><![CDATA[]]></content:encoded>
		<excerpt:encoded><![CDATA[]]></excerpt:encoded>
		<wp:post_id>940</wp:post_id>
		<wp:post_date><![CDATA[2015-07-02 16:15:54]]></wp:post_date>
		<wp:post_date_gmt><![CDATA[2015-07-02 16:15:54]]></wp:post_date_gmt>
		<wp:comment_status><![CDATA[closed]]></wp:comment_status>
		<wp:ping_status><![CDATA[closed]]></wp:ping_status>
		<wp:post_name><![CDATA[940]]></wp:post_name>
		<wp:status><![CDATA[publish]]></wp:status>
		<wp:post_parent>0</wp:post_parent>
		<wp:menu_order>0</wp:menu_order>
		<wp:post_type><![CDATA[slide]]></wp:post_type>
		<wp:post_password><![CDATA[]]></wp:post_password>
		<wp:is_sticky>0</wp:is_sticky>
		<category domain="slide-page" nicename="law-news"><![CDATA[Law News]]></category>
		<wp:postmeta>
			<wp:meta_key><![CDATA[_thumbnail_id]]></wp:meta_key>
			<wp:meta_value><![CDATA[384]]></wp:meta_value>
		</wp:postmeta>
		<wp:postmeta>
			<wp:meta_key><![CDATA[_edit_last]]></wp:meta_key>
			<wp:meta_value><![CDATA[2]]></wp:meta_value>
		</wp:postmeta>
		<wp:postmeta>
			<wp:meta_key><![CDATA[slide_template]]></wp:meta_key>
			<wp:meta_value><![CDATA[default]]></wp:meta_value>
		</wp:postmeta>
		<wp:postmeta>
			<wp:meta_key><![CDATA[_wp_old_slug]]></wp:meta_key>
			<wp:meta_value><![CDATA[940__trashed]]></wp:meta_value>
		</wp:postmeta>
		<wp:postmeta>
			<wp:meta_key><![CDATA[pyre_type]]></wp:meta_key>
			<wp:meta_value><![CDATA[image]]></wp:meta_value>
		</wp:postmeta>
		<wp:postmeta>
			<wp:meta_key><![CDATA[pyre_youtube_id]]></wp:meta_key>
			<wp:meta_value><![CDATA[]]></wp:meta_value>
		</wp:postmeta>
		<wp:postmeta>
			<wp:meta_key><![CDATA[pyre_vimeo_id]]></wp:meta_key>
			<wp:meta_value><![CDATA[]]></wp:meta_value>
		</wp:postmeta>
		<wp:postmeta>
			<wp:meta_key><![CDATA[pyre_webm]]></wp:meta_key>
			<wp:meta_value><![CDATA[]]></wp:meta_value>
		</wp:postmeta>
		<wp:postmeta>
			<wp:meta_key><![CDATA[pyre_mp4]]></wp:meta_key>
			<wp:meta_value><![CDATA[]]></wp:meta_value>
		</wp:postmeta>
		<wp:postmeta>
			<wp:meta_key><![CDATA[pyre_ogv]]></wp:meta_key>
			<wp:meta_value><![CDATA[]]></wp:meta_value>
		</wp:postmeta>
		<wp:postmeta>
			<wp:meta_key><![CDATA[pyre_preview_image]]></wp:meta_key>
			<wp:meta_value><![CDATA[]]></wp:meta_value>
		</wp:postmeta>
		<wp:postmeta>
			<wp:meta_key><![CDATA[pyre_aspect_ratio]]></wp:meta_key>
			<wp:meta_value><![CDATA[]]></wp:meta_value>
		</wp:postmeta>
		<wp:postmeta>
			<wp:meta_key><![CDATA[pyre_video_display]]></wp:meta_key>
			<wp:meta_value><![CDATA[cover]]></wp:meta_value>
		</wp:postmeta>
		<wp:postmeta>
			<wp:meta_key><![CDATA[pyre_video_bg_color]]></wp:meta_key>
			<wp:meta_value><![CDATA[]]></wp:meta_value>
		</wp:postmeta>
		<wp:postmeta>
			<wp:meta_key><![CDATA[pyre_mute_video]]></wp:meta_key>
			<wp:meta_value><![CDATA[yes]]></wp:meta_value>
		</wp:postmeta>
		<wp:postmeta>
			<wp:meta_key><![CDATA[pyre_autoplay_video]]></wp:meta_key>
			<wp:meta_value><![CDATA[yes]]></wp:meta_value>
		</wp:postmeta>
		<wp:postmeta>
			<wp:meta_key><![CDATA[pyre_loop_video]]></wp:meta_key>
			<wp:meta_value><![CDATA[yes]]></wp:meta_value>
		</wp:postmeta>
		<wp:postmeta>
			<wp:meta_key><![CDATA[pyre_hide_video_controls]]></wp:meta_key>
			<wp:meta_value><![CDATA[yes]]></wp:meta_value>
		</wp:postmeta>
		<wp:postmeta>
			<wp:meta_key><![CDATA[pyre_content_alignment]]></wp:meta_key>
			<wp:meta_value><![CDATA[center]]></wp:meta_value>
		</wp:postmeta>
		<wp:postmeta>
			<wp:meta_key><![CDATA[pyre_heading]]></wp:meta_key>
			<wp:meta_value><![CDATA[LATEST NEWS
[fusion_separator style_type="single solid" top_margin="20" bottom_margin="10" sep_color="rgba(255,255,255,.3)" border_size="" icon="" icon_circle="" icon_circle_color="" width="170px" alignment="center" class="" id=""]]]></wp:meta_value>
		</wp:postmeta>
		<wp:postmeta>
			<wp:meta_key><![CDATA[pyre_heading_separator]]></wp:meta_key>
			<wp:meta_value><![CDATA[none]]></wp:meta_value>
		</wp:postmeta>
		<wp:postmeta>
			<wp:meta_key><![CDATA[pyre_heading_font_size]]></wp:meta_key>
			<wp:meta_value><![CDATA[36]]></wp:meta_value>
		</wp:postmeta>
		<wp:postmeta>
			<wp:meta_key><![CDATA[pyre_heading_color]]></wp:meta_key>
			<wp:meta_value><![CDATA[#ffffff]]></wp:meta_value>
		</wp:postmeta>
		<wp:postmeta>
			<wp:meta_key><![CDATA[pyre_heading_bg]]></wp:meta_key>
			<wp:meta_value><![CDATA[no]]></wp:meta_value>
		</wp:postmeta>
		<wp:postmeta>
			<wp:meta_key><![CDATA[pyre_heading_bg_color]]></wp:meta_key>
			<wp:meta_value><![CDATA[]]></wp:meta_value>
		</wp:postmeta>
		<wp:postmeta>
			<wp:meta_key><![CDATA[pyre_caption]]></wp:meta_key>
			<wp:meta_value><![CDATA[<span style="font-weight: 400;">Our experts keeping you up to date with our ever changing industry</span>]]></wp:meta_value>
		</wp:postmeta>
		<wp:postmeta>
			<wp:meta_key><![CDATA[pyre_caption_separator]]></wp:meta_key>
			<wp:meta_value><![CDATA[none]]></wp:meta_value>
		</wp:postmeta>
		<wp:postmeta>
			<wp:meta_key><![CDATA[pyre_caption_font_size]]></wp:meta_key>
			<wp:meta_value><![CDATA[18]]></wp:meta_value>
		</wp:postmeta>
		<wp:postmeta>
			<wp:meta_key><![CDATA[pyre_caption_color]]></wp:meta_key>
			<wp:meta_value><![CDATA[#ffffff]]></wp:meta_value>
		</wp:postmeta>
		<wp:postmeta>
			<wp:meta_key><![CDATA[pyre_caption_bg]]></wp:meta_key>
			<wp:meta_value><![CDATA[no]]></wp:meta_value>
		</wp:postmeta>
		<wp:postmeta>
			<wp:meta_key><![CDATA[pyre_caption_bg_color]]></wp:meta_key>
			<wp:meta_value><![CDATA[]]></wp:meta_value>
		</wp:postmeta>
		<wp:postmeta>
			<wp:meta_key><![CDATA[pyre_link_type]]></wp:meta_key>
			<wp:meta_value><![CDATA[button]]></wp:meta_value>
		</wp:postmeta>
		<wp:postmeta>
			<wp:meta_key><![CDATA[pyre_slide_link]]></wp:meta_key>
			<wp:meta_value><![CDATA[]]></wp:meta_value>
		</wp:postmeta>
		<wp:postmeta>
			<wp:meta_key><![CDATA[pyre_slide_target]]></wp:meta_key>
			<wp:meta_value><![CDATA[yes]]></wp:meta_value>
		</wp:postmeta>
		<wp:postmeta>
			<wp:meta_key><![CDATA[pyre_button_1]]></wp:meta_key>
			<wp:meta_value><![CDATA[]]></wp:meta_value>
		</wp:postmeta>
		<wp:postmeta>
			<wp:meta_key><![CDATA[pyre_button_2]]></wp:meta_key>
			<wp:meta_value><![CDATA[]]></wp:meta_value>
		</wp:postmeta>
		<wp:postmeta>
			<wp:meta_key><![CDATA[_wxr_import_term]]></wp:meta_key>
			<wp:meta_value><![CDATA[a:3:{s:8:"taxonomy";s:10:"slide-page";s:4:"slug";s:8:"law-news";s:4:"name";s:8:"Law News";}]]></wp:meta_value>
		</wp:postmeta>
		<wp:postmeta>
			<wp:meta_key><![CDATA[fusion_demo_import]]></wp:meta_key>
			<wp:meta_value><![CDATA[law]]></wp:meta_value>
		</wp:postmeta>
	</item>
	<item>
		<title>Seoul</title>
		<link>http://seoul.peterpanz.com/?slide=seoul</link>
		<pubDate>Tue, 25 Jul 2017 03:29:03 +0000</pubDate>
		<dc:creator><![CDATA[seoul]]></dc:creator>
		<guid isPermaLink="false">http://seoul.peterpanz.com/?post_type=slide&#038;p=1167</guid>
		<description></description>
		<content:encoded><![CDATA[]]></content:encoded>
		<excerpt:encoded><![CDATA[]]></excerpt:encoded>
		<wp:post_id>1167</wp:post_id>
		<wp:post_date><![CDATA[2017-07-25 12:29:03]]></wp:post_date>
		<wp:post_date_gmt><![CDATA[2017-07-25 03:29:03]]></wp:post_date_gmt>
		<wp:comment_status><![CDATA[closed]]></wp:comment_status>
		<wp:ping_status><![CDATA[closed]]></wp:ping_status>
		<wp:post_name><![CDATA[seoul]]></wp:post_name>
		<wp:status><![CDATA[publish]]></wp:status>
		<wp:post_parent>0</wp:post_parent>
		<wp:menu_order>0</wp:menu_order>
		<wp:post_type><![CDATA[slide]]></wp:post_type>
		<wp:post_password><![CDATA[]]></wp:post_password>
		<wp:is_sticky>0</wp:is_sticky>
		<category domain="slide-page" nicename="seoul-home"><![CDATA[Seoul Home]]></category>
		<category domain="slide-page" nicename="seoul-home-2"><![CDATA[Seoul Home ( Cloned )]]></category>
		<wp:postmeta>
			<wp:meta_key><![CDATA[_edit_last]]></wp:meta_key>
			<wp:meta_value><![CDATA[1]]></wp:meta_value>
		</wp:postmeta>
		<wp:postmeta>
			<wp:meta_key><![CDATA[pyre_type]]></wp:meta_key>
			<wp:meta_value><![CDATA[image]]></wp:meta_value>
		</wp:postmeta>
		<wp:postmeta>
			<wp:meta_key><![CDATA[pyre_youtube_id]]></wp:meta_key>
			<wp:meta_value><![CDATA[]]></wp:meta_value>
		</wp:postmeta>
		<wp:postmeta>
			<wp:meta_key><![CDATA[pyre_vimeo_id]]></wp:meta_key>
			<wp:meta_value><![CDATA[]]></wp:meta_value>
		</wp:postmeta>
		<wp:postmeta>
			<wp:meta_key><![CDATA[pyre_webm]]></wp:meta_key>
			<wp:meta_value><![CDATA[]]></wp:meta_value>
		</wp:postmeta>
		<wp:postmeta>
			<wp:meta_key><![CDATA[pyre_mp4]]></wp:meta_key>
			<wp:meta_value><![CDATA[]]></wp:meta_value>
		</wp:postmeta>
		<wp:postmeta>
			<wp:meta_key><![CDATA[pyre_ogv]]></wp:meta_key>
			<wp:meta_value><![CDATA[]]></wp:meta_value>
		</wp:postmeta>
		<wp:postmeta>
			<wp:meta_key><![CDATA[pyre_preview_image]]></wp:meta_key>
			<wp:meta_value><![CDATA[]]></wp:meta_value>
		</wp:postmeta>
		<wp:postmeta>
			<wp:meta_key><![CDATA[pyre_aspect_ratio]]></wp:meta_key>
			<wp:meta_value><![CDATA[]]></wp:meta_value>
		</wp:postmeta>
		<wp:postmeta>
			<wp:meta_key><![CDATA[pyre_video_display]]></wp:meta_key>
			<wp:meta_value><![CDATA[cover]]></wp:meta_value>
		</wp:postmeta>
		<wp:postmeta>
			<wp:meta_key><![CDATA[pyre_video_bg_color]]></wp:meta_key>
			<wp:meta_value><![CDATA[]]></wp:meta_value>
		</wp:postmeta>
		<wp:postmeta>
			<wp:meta_key><![CDATA[pyre_mute_video]]></wp:meta_key>
			<wp:meta_value><![CDATA[yes]]></wp:meta_value>
		</wp:postmeta>
		<wp:postmeta>
			<wp:meta_key><![CDATA[pyre_autoplay_video]]></wp:meta_key>
			<wp:meta_value><![CDATA[yes]]></wp:meta_value>
		</wp:postmeta>
		<wp:postmeta>
			<wp:meta_key><![CDATA[pyre_loop_video]]></wp:meta_key>
			<wp:meta_value><![CDATA[yes]]></wp:meta_value>
		</wp:postmeta>
		<wp:postmeta>
			<wp:meta_key><![CDATA[pyre_hide_video_controls]]></wp:meta_key>
			<wp:meta_value><![CDATA[yes]]></wp:meta_value>
		</wp:postmeta>
		<wp:postmeta>
			<wp:meta_key><![CDATA[pyre_content_alignment]]></wp:meta_key>
			<wp:meta_value><![CDATA[center]]></wp:meta_value>
		</wp:postmeta>
		<wp:postmeta>
			<wp:meta_key><![CDATA[pyre_heading]]></wp:meta_key>
			<wp:meta_value><![CDATA[]]></wp:meta_value>
		</wp:postmeta>
		<wp:postmeta>
			<wp:meta_key><![CDATA[pyre_heading_separator]]></wp:meta_key>
			<wp:meta_value><![CDATA[none]]></wp:meta_value>
		</wp:postmeta>
		<wp:postmeta>
			<wp:meta_key><![CDATA[pyre_heading_font_size]]></wp:meta_key>
			<wp:meta_value><![CDATA[]]></wp:meta_value>
		</wp:postmeta>
		<wp:postmeta>
			<wp:meta_key><![CDATA[pyre_heading_color]]></wp:meta_key>
			<wp:meta_value><![CDATA[]]></wp:meta_value>
		</wp:postmeta>
		<wp:postmeta>
			<wp:meta_key><![CDATA[pyre_heading_bg]]></wp:meta_key>
			<wp:meta_value><![CDATA[no]]></wp:meta_value>
		</wp:postmeta>
		<wp:postmeta>
			<wp:meta_key><![CDATA[pyre_heading_bg_color]]></wp:meta_key>
			<wp:meta_value><![CDATA[]]></wp:meta_value>
		</wp:postmeta>
		<wp:postmeta>
			<wp:meta_key><![CDATA[pyre_caption]]></wp:meta_key>
			<wp:meta_value><![CDATA[]]></wp:meta_value>
		</wp:postmeta>
		<wp:postmeta>
			<wp:meta_key><![CDATA[pyre_caption_separator]]></wp:meta_key>
			<wp:meta_value><![CDATA[none]]></wp:meta_value>
		</wp:postmeta>
		<wp:postmeta>
			<wp:meta_key><![CDATA[pyre_caption_font_size]]></wp:meta_key>
			<wp:meta_value><![CDATA[]]></wp:meta_value>
		</wp:postmeta>
		<wp:postmeta>
			<wp:meta_key><![CDATA[pyre_caption_color]]></wp:meta_key>
			<wp:meta_value><![CDATA[]]></wp:meta_value>
		</wp:postmeta>
		<wp:postmeta>
			<wp:meta_key><![CDATA[pyre_caption_bg]]></wp:meta_key>
			<wp:meta_value><![CDATA[no]]></wp:meta_value>
		</wp:postmeta>
		<wp:postmeta>
			<wp:meta_key><![CDATA[pyre_caption_bg_color]]></wp:meta_key>
			<wp:meta_value><![CDATA[]]></wp:meta_value>
		</wp:postmeta>
		<wp:postmeta>
			<wp:meta_key><![CDATA[pyre_link_type]]></wp:meta_key>
			<wp:meta_value><![CDATA[full]]></wp:meta_value>
		</wp:postmeta>
		<wp:postmeta>
			<wp:meta_key><![CDATA[pyre_slide_link]]></wp:meta_key>
			<wp:meta_value><![CDATA[]]></wp:meta_value>
		</wp:postmeta>
		<wp:postmeta>
			<wp:meta_key><![CDATA[pyre_slide_target]]></wp:meta_key>
			<wp:meta_value><![CDATA[yes]]></wp:meta_value>
		</wp:postmeta>
		<wp:postmeta>
			<wp:meta_key><![CDATA[pyre_button_1]]></wp:meta_key>
			<wp:meta_value><![CDATA[[fusion_button link="" color="default" size="" type="" shape="" target="_self" title="" gradient_colors="|" gradient_hover_colors="|" accent_color="" accent_hover_color="" bevel_color="" border_width="1px" shadow="" icon="" icon_divider="yes" icon_position="left" modal="" animation_type="0" animation_direction="down" animation_speed="0.1" class="" id=""]Button Text[/fusion_button]]]></wp:meta_value>
		</wp:postmeta>
		<wp:postmeta>
			<wp:meta_key><![CDATA[pyre_button_2]]></wp:meta_key>
			<wp:meta_value><![CDATA[[fusion_button link="" color="default" size="" type="" shape="" target="_self" title="" gradient_colors="|" gradient_hover_colors="|" accent_color="" accent_hover_color="" bevel_color="" border_width="1px" shadow="" icon="" icon_divider="yes" icon_position="left" modal="" animation_type="0" animation_direction="down" animation_speed="0.1" class="" id=""]Button Text[/fusion_button]]]></wp:meta_value>
		</wp:postmeta>
		<wp:postmeta>
			<wp:meta_key><![CDATA[_thumbnail_id]]></wp:meta_key>
			<wp:meta_value><![CDATA[1166]]></wp:meta_value>
		</wp:postmeta>
	</item>
</channel>
</rss>
